,0,3,1,2
0,190465,mjuppe0,Walgreens Co. #3441,572-155-4791
1,110595,adermot1,Walmart Inc #10-0768,881-723-9988
2,176134,kbilney2,H-E-B #492,925-461-8938
3,888839,pmccallister3,Sams Club #10-4764,229-120-0897
4,274441,tcamilio4,CVS Pharmacy,847-684-8391
5,145418,upumphreys5,Excel Urgent Care,530-870-8577
6,954385,cferrea6,Atoms Pharmacy,386-145-7613
7,624666,alouedey7,RANDALLS PHARMACY #2671,781-184-4511
8,630812,lsimpkins8,CVS Pharmacy,555-314-6452
9,366620,gruddy9,Walgreens Co. #15515,720-780-8590
10,362526,mkobierzyckia,Family Medicine Specialists,311-485-6773
11,823329,cmenichinob,Texas Children's Hospital West Campus,145-830-4726
12,669730,rrosettic,CVS Pharmacy,737-783-5757
13,456740,vpauligd,Walgreens Co. #7019,200-465-3713
14,688167,mhuckstere,Katy Medical Complex Pharmacy #4535158,973-868-8691
15,612394,rphilsonf,Walgreens Co. #4696,280-006-1169
16,120876,sspelmang,Walmart Inc #10-4468,254-398-5156
17,323629,korth,Walgreens Co. #4839,139-511-8296
18,387116,athurskei,H-E-B #497,904-503-7707
19,927794,ddodingj,CVS Pharmacy,414-550-1592
20,919603,amanginotk,Kroger Pharmacy #03400122,535-537-9448
21,225331,tfurphyl,Walmart Inc #10-4512,606-374-9847
22,102450,dpigotm,Prestige Health Solutions,958-074-7810
23,774197,ngraysmarkn,Walgreens Co. #6909,727-104-3457
24,442421,amcaveyo,RANDALLS PHARMACY #2672,451-886-8950
25,309307,hbowmerp,Costco Wholesale Corporation #1167,747-315-6821
26,569404,grobeletq,CVS Pharmacy,573-349-5690
27,694333,ulanglaisr,CVS Pharmacy,886-181-1044
28,573505,eguidottis,Kroger Pharmacy #03400733,491-041-8655
29,227393,rmorridt,DUNAMIS PHARMACY,455-252-3949
30,727109,tmccraineu,Kroger Pharmacy #03400336,225-437-6964
31,550984,rmountlowv,Walgreens Co. #5100,651-437-1273
32,415817,nedmonstonew,Kroger Pharmacy #03400378,378-189-9171
33,520268,vwestneyx,Walmart Inc #10-4538,496-065-3150
34,223309,aloreny,CVS Pharmacy,170-407-2511
35,129104,mdupreez,APEX URGENT CARE CLINIC LLC,661-187-2090
36,536659,cscamal10,CVS Pharmacy,917-445-9001
37,755796,cbeedham11,Walmart Inc #10-3226,692-286-0631
38,514136,atimmermann12,CVS Pharmacy,423-830-2296
39,637019,gtomicki13,Walgreens Co. #4078,476-142-2753
40,737372,irouzet14,Walmart Inc #10-7310,359-538-6631
41,573536,oarsmith15,HML Group LLC,910-465-7847
42,987233,ydwelley16,Greenbusch Pharmacy,412-753-0838
43,147567,fbearcroft17,JuLai Dental PLLC,549-816-6798
44,151663,mcarnilian18,Zuriel Health Group Corp,921-762-8050
45,399473,hkapelhoff19,Walgreens Co. #3160,820-880-7883
46,376945,pwardrop1a,Mercy Teddy Health Care PLLC,161-308-8472
47,381043,abarrus1b,Northwest Nurse Practitioners Llc,121-030-8091
48,190580,bdunley1c,Core Hydration and Wellness,973-087-4246
49,166008,ppolendine1d,Walmart Inc #10-3452,673-002-8770
50,690297,ecoste1e,NYC Health + Hospitals / Citifield,277-706-6617
51,794746,mtesauro1f,Walgreens Co. #7294,221-731-6559
52,643196,gcrookston1g,HAR HAR PHARMACY CORP DBA- BIG APPLE PHARMACY,226-875-5124
53,342141,frigardeau1h,CVS Pharmacy,602-198-0965
54,694398,bmaypowder1i,Walgreens Co. #17143,555-401-2152
55,542846,bspiring1j,Rite Aid #RA103870,163-485-7262
56,915580,dcicccitti1k,Walgreens Co. #19598,533-788-6600
57,245889,bgosson1l,Xueshu Zhang,919-358-3231
58,157828,hhassur1m,SANFORD PHARMACY #MS1005875,271-630-0393
59,424070,kwhiscard1n,168 PHARMACY,477-744-0949
60,862343,rscothorn1o,21st Century Pharmacy Inc. #MS1005399,322-495-5408
61,168072,bbercher1p,Queens Express Pharmacy Corp.,738-842-8002
62,401545,khurles1q,Metro True Care Medical PC / Flushing,261-286-3020
63,700557,dguillem1r,Yan Wang Medical P.C.,144-129-0213
64,569486,dscreach1s,Hong Jia Medical Pc,357-183-4985
65,745615,hlurriman1t,Free Synagogue of Flushing - Union Square Physician Services POD,286-215-5272
66,534669,oscrowton1u,Walgreens Co. #14438,189-756-2770
67,901265,cpurviss1v,Andrew Kim,895-039-6958
68,753810,agarrod1w,Elmside Medical PLLC,723-601-6919
69,954511,cline1x,QUEENS SURGICAL CENTER LLC/36-36 MAIN STREET SUITE 1S FLUSHING NY 11354,971-205-9729
70,487572,cdouglass1y,Stat Medical Services of NY PLLC,473-041-4793
71,993429,smelonby1z,Helen H. Chen D.O. PLLC,132-029-2894
72,876694,dflaubert20,Walgreens Co. #19923,464-686-2281
73,856210,amalin21,FLUSHING OBGYN PC,817-177-0370
74,133272,zpobjoy22,Healthier Primary Care - FL,536-714-1784
75,256153,rcrommett23,Health Guard Pharmacy #MS1005328,659-479-1079
76,463002,rlowell24,Harold Weissman MD PC,345-065-6961
77,262297,tesp25,Rendr Physicians: Wendy W Chung MD,956-866-1707
78,245915,swickson26,ROYAL CARE DRUGS INC.,136-496-2897
79,671896,rbebbell27,Costco Wholesale Corporation #1070,613-382-5800
80,403614,olozano28,East Sunrise Medical PLLC,998-288-3838
81,192672,ebestwick29,Haifan Chen MD,310-860-6174
82,481441,awase2a,Kaneda Pharmacy,933-608-5431
83,995493,klandis2b,CVS Pharmacy,419-562-6162
84,719015,kharrower2c,Vida Sana Pharmacy #MS1005662,815-036-6414
85,684200,pteresse2d,Walgreens Co. #1572,899-540-8696
86,817319,gcallis2e,queens medical services P.C,285-881-3500
87,258218,aconquest2f,Stop & Shop #2587,424-512-4619
88,438443,kmulmuray2g,Rite Aid #RA104866,683-717-3105
89,575660,bbromhead2h,CVS Pharmacy,843-198-0381
90,882858,ncarmo2i,Walgreens Co. #14477,227-590-1620
91,180402,cselcraig2j,Q All Care Medical P.C,428-231-0625
92,970931,rcuthbert2k,CVS Pharmacy,332-177-7907
93,518325,lemps2l,Walgreens Co. #4058,986-385-4109
94,950455,rpopelay2m,CVS Pharmacy,946-036-9068
95,250040,rclubbe2n,Broadway Pharmacy #MS1005097,739-729-0241
96,932028,yfeifer2o,Walgreens Co. #4319,906-479-8734
97,338113,ironisch2p,Choi Medical Services PLLC,604-603-3030
98,528579,twoodburn2q,Care First Drugs LLC/ 8330 Broadway Elmhurst NY 11373,425-477-3981
99,563396,smcglone2r,Care First Pharmacy #MS1005340,717-458-7760
100,399557,thowat2s,CAVERO MEDICAL GROUP LTD,489-070-1378
101,131269,fstrangward2t,CVS Pharmacy,324-703-0570
102,248008,nbarhem0,Walmart Inc #10-1938,710-606-1572
103,553161,nspelling1,FRIEND HEALTH - PULASKI,138-302-1185
104,282825,pesposita2,CVS Pharmacy,553-281-0320
105,915657,away3,Walgreens Co. #11492,664-862-4221
106,964812,rbrusle4,OSCO DRUG #3170,352-511-3066
107,139469,zkermeen5,Walgreens Co. #5724,182-857-9628
108,420040,fegell6,ADVANCED URGENT CARE- CHICAGO,109-083-7876
109,979151,ehartness7,Walgreens Co. #3321,431-386-8784
110,911568,mcartman8,Walgreens Co. #6297,558-648-0996
111,678093,lwardell9,OSCO DRUG #3721,413-413-3848
112,669906,wroomea,Walgreens Co. #5034,209-376-8046
113,688341,rsaddletonb,FAMILY CARE ASSOCIATES OF CHICAGO,948-835-6671
114,356569,nelcombec,Walgreens Co. #5867,706-319-4944
115,751837,csimeoned,Walgreens Co. #5234,110-257-5239
116,653535,thazelgrovee,OSCO DRUG #4060,505-017-9343
117,252128,jwalkinshawf,Walgreens Co. #15080,769-251-9862
118,205025,pvasseg,CVS Pharmacy,850-364-9018
119,295143,bcroughanh,ACCESS LOCATED AT HOLY CROSS,851-009-0786
120,303336,tglackeni,J C REYES PEDIATRICS S.C.,487-332-3301
121,110823,acalltonej,Walgreens Co. #5926,510-377-2690
122,694503,lmckimmeyk,FRIEND HEALTH-WESTERN,133-853-6930
123,403687,gschirakl,SURECARE PHARMACY IL #MS1003399,789-582-2713
124,852200,aparrym,CVS Pharmacy,341-885-0632
125,893167,dfeldfishern,Walgreens Co. #5089,757-617-3370
126,942321,ecourseo,Walgreens Co. #6629,554-306-0008
127,190705,dduffanp,Walgreens Co. #2711,920-366-7710
128,436467,lbarringtonq,Walgreens Co. #5356,310-324-8225
129,637169,spretor,RANDOLPH RX PHARMACY,561-554-8424
130,997621,siacovellis,Walmart Inc #10-3004,434-032-1735
131,229621,emouldst,CVS Pharmacy,822-431-2482
132,848118,cwhitwamu,Walgreens Co. #9141,208-108-8356
133,676085,cstannusv,Walgreens Co. #2785,384-707-6634
134,461052,alaityw,Walgreens Co. #6427,563-099-5258
135,841981,nallibonx,SMG ASHLAND,210-215-8965
136,745729,chawkiny,OSCO DRUG #86,337-303-4838
137,940290,mpalffyz,Walgreens Co. #16093,293-722-2059
138,309512,mantonignetti10,ACCESS AT HAWTHORNE FAMILY HEALTH CENTER,491-848-7113
139,629001,bhazzard11,CHILDREN'S MEDICAL CENTER,530-560-9078
140,211210,dzienkiewicz12,ST JUDE MEDICAL CLINIC,391-210-6827
141,215310,abrasse13,Walgreens Co. #15460,532-597-2200
142,200975,akollatsch14,Walgreens Co. #5713,776-854-0662
143,147729,jcolombier15,CVS Pharmacy,361-785-1580
144,674070,nkamenar16,Oak Lawn Health Mart Pharmacy,919-558-0627
145,837911,stallet17,CVS Pharmacy,233-513-9957
146,305432,rbarrowclough18,OSCO DRUG #607,517-875-5001
147,725273,acammomile19,OSCO DRUG #1403,262-015-5552
148,755994,pscawn1a,Walgreens Co. #5076,226-873-1226
149,194843,qsowerby1b,Walgreens Co. #15635,463-754-4094
150,868637,rdiggar1c,Walgreens Co. #11516,569-878-3223
151,452896,tmelan1d,Pediatric Group Of Central El Paso - Zaragoza,402-170-1083
152,669985,ychalcroft1e,Walmart Inc #10-3661,664-627-1725
153,180514,cwrates1f,Walgreens Co. #3542,636-291-5551
154,848161,tdurran1g,Sams Club #10-8280,270-688-0035
155,622882,celleton1h,Franklin Medical PLLC,446-712-4109
156,516389,jswin1i,Walgreens Co. #3236,862-862-1433
157,815392,mbuckberry1j,CVS Pharmacy,961-126-7206
158,911655,mtruswell1k,Md Kids Pediatrics Lomaland,541-156-5636
159,547112,lropcke1l,Walmart Inc #10-2612,250-207-9984
160,227624,rgainsburgh1m,SAV-ON PHARMACY #2016,138-779-4072
161,905514,alycett1n,CVS Pharmacy,492-133-7070
162,354605,imateiko1o,Walmart Inc #10-4415,788-519-9376
163,684334,rrust1p,Walgreens Co. #3826,962-033-0421
164,952627,amerlin1q,Walgreens Co. #6435,108-623-5462
165,344372,aduigan1r,CVS Pharmacy,808-627-2991
166,641332,dmccuis1s,Walmart Inc #10-0512,826-748-2095
167,442678,cglavis1t,Walgreens Co. #6753,957-220-2745
168,983351,lswinburne1u,CVS Pharmacy,895-359-6372
169,739645,ihodinton1v,Walgreens Co. #13125,189-610-8551
170,837954,mvize1w,El Paso Family And Pediatric Clinic,480-373-8950
171,698692,hpostins1x,Walgreens Co. #6498,237-712-4956
172,160068,dheiss1y,SAV-ON PHARMACY #934,145-131-1153
173,561481,gwaldock1z,Walmart Inc #10-5108,139-588-8495
174,835914,lbruty20,Walgreens Co. #1293,190-316-7797
175,588107,sdesouza21,CVS Pharmacy,705-230-5743
176,305483,jrising22,CVS Pharmacy,478-349-4218
177,186703,eezele23,CVS Pharmacy,889-050-9526
178,534864,cgoodlife24,Walgreens Co. #9368,614-167-2874
179,852310,evertey25,Walgreens Co. #11749,985-186-0747
180,471383,smomery26,Nexus Health Solutions,341-610-6936
181,186713,awozencraft27,Walgreens Co. #10582,264-825-2476
182,989530,alooby28,Walmart Inc #10-5960,383-261-8010
183,794973,coshesnan29,Walmart Inc #10-3763,569-208-3231
184,600415,rhydechambers2a,Walgreens Co. #11436,553-268-9256
185,395615,kheakins2b,Walmart Inc #10-2201,526-454-8052
186,885090,cwinram2c,Sams Club #10-6502,717-505-8789
187,606563,shosby2d,Walmart Inc #10-6813,421-764-7009
188,784740,cferryman2e,Texas Department of Criminal Justice SANCHEZ,276-450-7382
189,878948,afayers2f,Walmart Inc #10-3136,892-127-0435
190,723302,rketchell2g,Walgreens Co. #6542,840-447-9278
191,405860,cpolo2h,Costco Wholesale Corporation #768,808-454-3702
192,805229,lgale2i,Walgreens Co. #11518,642-481-6649
193,272753,dlapere2j,Walgreens Co. #15036,645-649-7526
194,651639,fivashev2k,SAV-ON PHARMACY #1006,376-353-0670
195,405880,crylatt2l,CVS Pharmacy,869-452-8026
196,606586,gbyrcher2m,Texas Tech University Health Sciences Center Internal Medicine,689-876-0972
197,539007,dritchard2n,Walgreens Co. #4679,223-764-8881
198,975232,jabad2o,THE MEDICINE SHOPPE PHARMACY #MS1001266,153-642-7105
199,506241,ahendrik2p,SMRX INC DAB MEDICINE SHOPPE PHARMACY #1736 #458313,740-652-9300
200,323969,phardes2q,Rite Aid #RA105445,418-690-2511
201,938374,ehughf2r,South Central Family Health Center,972-539-6007
202,706953,gkearney2s,CVS Pharmacy,375-482-3021
203,668042,tkirsopp2t,St. John's Well Child and Family Center - Dr. Louis Frayser,766-102-4558
204,235915,eseccombe2u,St. John's Well Child and Family Center - Dr. Kenneth Williams,182-377-1504
205,557452,escoggin2v,Central City Community Health Center,677-455-1915
206,514445,mredmond2w,CVS Pharmacy,543-494-3230
207,618889,rhowler2x,Jefferson High School Wellness Center,681-718-3388
208,354702,dskeemer2y,St. John's Well Child and Family Center - Manual Arts,672-002-7671
209,430481,sroft2z,CVS Pharmacy,263-143-9346
210,655761,habramovici30,St. John's Well Child and Family Center - Avalon,719-354-0688
211,567699,aparadyce31,CVS Pharmacy,254-682-2093
212,567703,twarkup32,Walgreens Co. #12913,580-060-5600
213,690587,gskylett33,St. John's Well Child and Family Center -Rolland Curtis,251-355-3706
214,971165,bmadill34,Olive Branch Pharmacy 1,801-104-6947
215,858528,hranderson35,Orthopaedic Institute for Children- Los Angeles,339-191-3728
216,627106,ageist36,CVS Pharmacy,769-803-0177
217,817572,ghebbs37,Rite Aid #RA105430,187-026-0416
218,717221,holesen38,St. John's Well Child and Family Center -Traynham,915-087-0561
219,725417,jsneyd39,Rite Aid #RA105423,341-274-7551
220,192938,kdyball3a,CVS Pharmacy,556-864-2071
221,424366,bbarrowclough3b,Walgreens Co. #7482,291-113-0396
222,500142,lrameau3c,Eisner Health,795-451-7513
223,944564,vmeier3d,Personal Space Testing- Flagship Clinic,661-319-8205
224,422328,eitzik3e,CVS Pharmacy,306-189-0147
225,504249,bqueyeiro3f,CVS Pharmacy,695-850-2536
226,106936,csterry3g,Walgreens Co. #11785,740-112-7388
227,207291,jauld3h,CVS Pharmacy,504-830-8941
228,104893,plovat3i,St. John's Well Child and Family Center - Magnolia,722-044-8455
229,952768,hwindeatt3j,CVS Pharmacy,737-879-4560
230,266688,hdermott3k,986 PHARMACY #8005 #MS1000416,438-715-7577
231,876994,fpearmine3l,Rite Aid #RA105426,676-760-9486
232,484486,eelderton3m,HP Family Health Center,760-002-2204
233,233925,vbeggs3n,Ralphs Pharmacy #70300022,920-660-9561
234,113094,ldessaur3o,CAMERON PHARMACY #MS1000967,426-093-3204
235,250310,dmasselin3p,THE OASIS MEDICAL CLINIC INC,886-598-3123
236,862670,hgoard3q,CVS Pharmacy,513-692-9672
237,940496,cgiovannazzi3r,CVS Pharmacy,664-252-5074
238,534993,zfawbert3s,SERV U PHARMACY INC #MS1000647,356-724-2233
239,326097,locahill3t,Walgreens Co. #12460,538-239-5669
240,725459,amcclymont3u,CVS Pharmacy,150-218-4526
241,811476,dglendining3v,Rite Aid #RA105451,768-355-9147
242,145877,abundock3w,Rite Aid #RA105429,215-093-8773
243,483800,kferrelli3x,Kyoto Pharmacy #5643653,457-095-4819
244,584154,nwhiscard3y,CVS Pharmacy,927-713-7101
245,594396,cblackie3z,South Gate Pharmacy,355-829-2037
246,780766,mfautly40,SOUTH GATE PHARMACY #5656648,468-660-7678
247,707039,godell41,UPTOWN DRUG AND GIFT SHOP #MS1000956,554-239-8815
248,518623,ematzl42,SAMARITAN MEDICAL TOWER PHARMACY #MS1005784,902-116-1634
249,872931,rwollard43,CVS Pharmacy,661-789-5853
250,123363,rsmout44,Walgreens Co. #14314,122-408-4669
251,350693,nfrancescone45,CVS Pharmacy,415-184-2366
252,158182,bfautly46,Myrtle Drugs inc #MS1005707,238-095-4268
253,874984,carmor47,RALPH PRESCRIPTIONS,250-827-1637
254,858605,vzupa48,Rite Aid #RA104873,564-429-8854
255,666094,mforesight49,myrtle drugs,855-586-0714
256,727535,dgladdin4a,Myrtle Drugs #5803944,147-815-4794
257,358895,rdicey4b,Wyckoff Heights Medical Center,707-627-0356
258,240109,gloren4c,ModernMD Urgent Care - 366 Knickerbocker Avenue,856-659-5643
259,852467,bbandey4d,Walgreens Co. #18204,644-776-8267
260,580086,skilbey4e,Rite Aid #RA110605,783-323-0446
261,774648,cscammell4f,Walgreens Co. #17876,536-639-5068
262,639481,kwibrew4g,LEGACY SPECIALTY PHARMACY CORP,538-112-9235
263,184826,lmoult4h,LEGACY SPECIALTY PHARMACY,559-706-7231
264,438778,mtavernor4i,Doc Care - Queens 1,345-372-6569
265,469505,abannard4j,Walgreens Co. #11905,807-331-7176
266,741889,byates4k,CVS Pharmacy,318-093-5984
267,358915,qbiermatowicz4l,Rite Aid #RA101947,291-830-3303
268,872964,cstores4m,Preferred Pharmacy,664-222-4725
269,573957,ewilsee4n,CVS Pharmacy,188-383-7221
270,317958,hmazella4o,Rossi Pharmacy #3311355,846-422-1148
271,215559,cmccowen4p,Rossi Pharmacy,944-703-4311
272,315917,ajales4q,Rite Aid #RA104893,731-549-2983
273,403990,bkinton4r,SURE DRUGS,791-330-6751
274,145944,hyakunin4s,Milos Medical,584-808-5915
275,379421,gmeineck4t,GENA CARE PHARMACY,343-135-3972
276,526879,bmarquet4u,Walgreens Co. #1918,228-680-8780
277,127520,rtoovey4v,Brooklyn Family Health NP&RN PLLC,570-725-3281
278,244256,sguerola4w,ModernMD Urgent Care - 68 Graham Avenue,643-217-9073
279,842275,rjakubiak4x,V & A Pharmacy,293-253-9134
280,592419,bmattiello4y,METRO CHEMISTS PHARMACY INC,423-579-4380
281,803363,bneaverson4z,Elton pharmacy #MS1005407,744-377-2358
282,424486,rgrundell50,BMS@ St. Paul COVID-19 Vaccination,715-834-3829
283,176679,mhewson51,Trinity rx corp pharmacy,300-390-1915
284,401960,cvandendael52,Myrtle Meds INC,471-762-1557
285,277032,mrabley53,Doral Medical and Multispecialty Facility LLC,670-121-7848
286,172583,eedgeler54,CVS Pharmacy,283-501-2145
287,731692,mcrewther55,NYC Health + Hospitals / East New York,140-285-7600
288,123438,wchaundy56,Rite Aid #RA104738,504-313-3087
289,739887,bleaming57,Walgreens Co. #4363,911-724-9627
290,961072,hreedy58,East Point Medical PC,946-118-7973
291,729651,dmattinson59,ritechoicepharmacy,269-838-8418
292,322100,jesparza5a,RITE CHOICE PHARMACY #MS1001977,423-227-2767
293,283189,abordiss5b,CVS Pharmacy,323-859-3171
294,397881,weatttok5c,UTICA EXPRESS PHARMACY INC #583149,477-549-9373
295,682553,opadula5d,Walgreens Co. #14410,500-242-3935
296,434749,jpomphrey5e,JHA PHARMA LLC   D/B/A  MELLOR'S DRUG STORE,961-255-4429
297,377405,kmeneux5f,MELLORS DRUG STORE #582818,455-192-9369
298,889407,kdalliston5g,Bureau of Immunization Crown Heights Emergency Clinic,397-863-7181
299,752197,ndearnly5h,99 Pharmacy Inc.,530-877-0054
300,289351,rpedlar5i,CVS Pharmacy,290-098-1294
301,664139,elamasna5j,Walgreens Co. #7403,323-712-5515
302,315979,ttowle5k,CVS Pharmacy,932-779-2380
303,438864,lkillimister5l,Han Family Medical Group-Norwalk,553-433-0960
304,313941,lghost5m,Rite Aid #RA105508,228-590-4847
305,930390,bcapelle5n,SAN ANTONIO PHARMACY #MS1002383,328-360-0598
306,426582,awrightam5o,MEDIC PHARMACY #MS1002121,672-595-6571
307,445018,lklosges5p,CVS Pharmacy,530-834-8306
308,285275,cneggrini5q,Walgreens Co. #5773,592-476-0614
309,764510,csamudio5r,CVS Pharmacy,814-017-7709
310,694879,llithgow5s,VICTORIA L SANCHEZ MD FAAP INC,687-756-5594
311,629344,amcgilleghole5t,Costco Wholesale Corporation #410,783-865-3753
312,784991,fcockshot5u,CVS Pharmacy,258-436-5516
313,465506,bpauling5v,CVS Pharmacy,798-043-5440
314,991842,sdumberrill5w,Walgreens Co. #11243,905-111-7169
315,418408,sbraunroth5x,Rite Aid #RA105510,719-817-7712
316,686697,rgebbe5y,CVS Pharmacy,975-432-7154
317,105068,mpudding5z,VONS PHARMACY #2209,767-101-9741
318,533101,sfrichley60,CVS Pharmacy,229-257-8117
319,223853,vbenley61,Walmart Inc #10-2082,838-660-7845
320,664175,smolines62,Rite Aid #RA105505,183-318-6384
321,105073,cbern63,CVS Pharmacy,574-482-1200
322,404082,rarstingall64,Kaiser SC - Downey Medical Center,844-750-7256
323,954995,amonkman65,Walgreens Co. #6680,882-140-9430
324,313972,tluberti66,Walmart Inc #10-2110,453-301-6997
325,463475,manderl67,Walmart Inc #10-4132,412-280-2449
326,957044,nmanktelow68,Rite Aid #RA105512,875-695-1209
327,428663,esumpner69,HOWARD DRUGS,580-297-7211
328,559739,jfuggles6a,Cerritos Medical Pharmacy,149-352-1785
329,944769,eduxfield6b,Walgreens Co. #10112,354-168-1824
330,752257,sbawcock6c,Walmart Inc #10-4101,717-598-8641
331,262788,neversfield6d,Paramount Family Pharmacy,900-131-9856
332,318085,pdozdill6e,Costco Wholesale Corporation #1050,878-733-2581
333,504453,mkingzet6f,CVS Pharmacy,227-638-7372
334,817809,kmatterface6g,Ralphs Pharmacy #70300295,418-529-0305
335,359058,ckinnen6h,Camilo S. Jorge,180-037-2715
336,842385,tbayston6i,Medella Pharmacy 1,443-598-1503
337,782999,bcluitt6j,CVS Pharmacy,738-325-5516
338,879259,gsickling6k,Ralphs Pharmacy #70300083,171-322-2474
339,463516,icamacho6l,CVS Pharmacy,619-359-2147
340,799389,gredsell6m,CVS Pharmacy,663-563-7924
341,451229,momara6n,Walgreens Co. #9842,830-722-2520
342,238236,kcoultass6o,Walmart Inc #10-5603,790-480-7873
343,387744,nvernay6p,CVS Pharmacy,495-206-9492
344,602785,adrinkall6q,Honey Pharmacy,886-008-4375
345,922274,cchristin6r,VONS PHARMACY #1638,435-344-1585
346,103076,cpeople6s,CVS Pharmacy,572-095-0659
347,617125,vwallhead6t,AME Medical Group,806-253-6089
348,875180,ramoss6u,CVS Pharmacy,319-302-2150
349,443053,charbach6v,CVS Pharmacy,560-134-9010
350,258734,jizzatt6w,CVS Pharmacy,270-847-7615
351,416431,ffitchell6x,CVS Pharmacy,953-406-2453
352,490157,ielletson6y,Kaiser SC - Panorama City Medical Center,508-496-0709
353,942770,lodowne6z,CVS Pharmacy,358-338-1858
354,914099,sshyram70,Walmart Inc #10-5605,799-177-1426
355,211636,cgerrietz71,Walgreens Co. #6124,885-442-1785
356,449207,tsagerson72,Rite Aid #RA105563,772-508-4629
357,289463,sevison73,Walmart Inc #10-2568,217-525-0037
358,742074,cgladebeck74,Costco Wholesale Corporation #1071,818-138-5148
359,223934,lcosgrove75,Rite Aid #RA105549,295-141-4127
360,627391,ncamillo76,Walgreens Co. #7950,118-432-6807
361,318144,dtourville77,Rite Aid #RA105567,921-289-7715
362,893636,zknott78,CVS Pharmacy,739-187-5283
363,926405,cbushen79,CVS Pharmacy,783-231-5622
364,670406,gvoller7a,Rite Aid #RA105554,885-262-5597
365,688839,mburgen7b,Walgreens Co. #5525,265-329-6960
366,604868,nrennard7c,CVS Pharmacy,742-527-9874
367,447177,gbim7d,Rite Aid #RA105551,933-249-0828
368,234185,nconan7e,CVS Pharmacy,618-249-5202
369,795334,lstorey7f,Walgreens Co. #7826,609-017-4063
370,160462,sdacombe7g,CVS Pharmacy,389-792-5962
371,293583,cmouland7h,CVS Pharmacy,691-633-0738
372,434896,iattrill7i,986 PHARMACY #8006 #MS1000648,682-338-5885
373,774864,erushmere7j,SCMC - Pomona,622-552-6935
374,735952,elefley7k,SCMC - Van Nuys,979-435-6848
375,754384,sohrt7l,Kids and Teens Medical  Group - Van Nuys,916-639-1936
376,344783,todonnell7m,Walgreens Co. #15930,267-523-5060
377,498389,bluff7n,CVS Pharmacy,702-105-1349
378,328408,gstpierre7o,Rite Aid #RA105574,718-008-6551
379,500441,hnortunen7p,CVS Pharmacy,343-450-3708
380,568024,emarusyak7q,CVS Pharmacy,735-706-4199
381,316124,martiss7r,CVS Pharmacy,425-766-8412
382,977629,kcassie7s,CVS Pharmacy,901-066-6469
383,598751,ndyott7t,Costco Wholesale Corporation #48,349-037-7983
384,391906,leefting7u,CVS Pharmacy,890-071-2696
385,240354,apetcher7v,CVS Pharmacy,368-298-1880
386,217826,atettersell7w,Ralphs Pharmacy #70300704,385-716-1856
387,791269,cphilps7x,CVS Pharmacy,494-594-3731
388,111337,wflitcroft7y,Rite Aid #RA105552,982-586-4655
389,232170,aphidgin7z,VONS PHARMACY #2250,418-440-8232
390,645869,tnoseworthy80,Ralphs Pharmacy #70300702,600-637-8662
391,365294,fashtonhurst81,Walgreens Co. #5566,749-246-6511
392,326384,gkiddle82,Walgreens Co. #6700,178-245-3704
393,137969,tmorhall83,Rite Aid #RA105575,253-150-9123
394,566001,eteenan84,CVS Pharmacy,896-486-4038
395,467699,fwalkey85,CVS Pharmacy,122-458-9697
396,600820,lreschke86,POLY-MED PHARMACY #MS1001048,228-244-0537
397,887537,dstrowther87,Rite Aid #RA105532,674-546-7937
398,314104,mvater88,North Hollywood Health Center,730-827-6253
399,289528,tmerring89,Rite Aid #RA105568,182-615-9793
400,254716,cbardnam8a,Citywide 236 Broadway Brooklyn NY 11211,474-289-5573
401,746236,dkubec8b,W Medical Center Williamsburg urgent Care,661-533-5968
402,615169,cshreenan8c,Walgreens Co. #14426,702-729-2584
403,619265,rsquibe8d,Walgreens Co. #4363,591-230-1829
404,209665,acrangle8e,Walgreens Co. #14429,965-298-2909
405,865030,ahughill8f,CVS Pharmacy,868-082-1408
406,645902,bhallatt8g,Wallabout Pharmacy Inc. DBA Remedies Pharmacy,953-436-4724
407,893711,dbinnion8h,ODA Primary Health Care Network - Wallabout,434-239-6416
408,510736,tgrafton8i,V & A Pharmacy,628-147-9105
409,234257,kburke8j,Brooklyn Family Health NP&RN PLLC,162-529-8616
410,441106,mmccuish8k,ModernMD Urgent Care - 68 Graham Avenue,154-455-2119
411,893714,cberthod8l,Walgreens Co. #14410,898-690-0429
412,987922,hgligoraci8m,Walgreens Co. #1918,325-060-2867
413,391956,csangwine8n,People Choice Pharmacy Inc,433-329-0373
414,252694,dguilbert8o,Medrite Myrtle LLC,280-709-1218
415,598807,scundict8p,Walgreens Co. #17269,274-422-0545
416,365339,erideout8q,CVS Pharmacy,888-387-9375
417,550905,wmusgrove8r,Rite Aid #RA104782,908-433-3712
418,508701,kfulmen8s,Rite Aid #RA103771,359-286-4191
419,973599,edrewes8t,Walgreens Co. #10678,528-015-6440
420,475940,glinnock8u,Ryan NENA,695-806-2462
421,680743,gmourbey8v,NYC Health + Hospitals / Cumberland,382-880-8729
422,451372,hwarmisham8w,CVS Pharmacy,513-375-7122
423,504624,dyoell8x,Rite Aid #RA101711,136-554-6088
424,115508,asingyard8y,NYC Health + Hospitals / Gouverneur,673-233-3578
425,865077,jfelton8z,CVS Pharmacy,588-348-8581
426,508725,skeasley90,Walgreens Co. #14354,650-183-8698
427,936759,dgorsse91,Century Pharmacy,808-396-9384
428,815930,dcommings92,CVS Pharmacy,291-662-8406
429,856890,fhowroyd93,The Brooklyn Hospital Center-EHS,551-301-6534
430,752444,ldunstone94,ALTRU CHEMISTS #MS1000892,246-565-7757
431,344893,jwestcar95,century pharmacy,629-882-5609
432,666429,oleggate96,Essex Crossing,715-017-2947
433,185149,jlipscombe97,Walgreens Co. #14185,897-543-9112
434,502598,caime98,CVS Pharmacy,418-417-7506
435,987277,mdixcey99,Greene-Van Pharmacy Corp DBA Prospect Drugs,210-568-4346
436,394056,htytcomb9a,CVS Pharmacy,107-612-8286
437,408394,spidcock9b,City Point,812-069-2187
438,482124,iivy9c,Rite Aid #RA104205,488-193-6708
439,932685,evase9d,Brooklyn Plaza Medical Center Inc.,751-165-2671
440,426831,dgelardi9e,Walgreens Co. #14498,651-698-9197
441,797519,aabeau9f,Gristedes Pharmacy 544,383-580-6809
442,236369,eworsnap9g,Namdor INC (DBA) Gristedes pharmacy,672-343-4351
443,553810,doxherd9h,CVS Pharmacy,288-881-8792
444,490328,dworsall9i,Walgreens Co. #14128,326-820-1721
445,125787,cbradshaw9j,TU QUYNH PHARMACY,624-758-6697
446,369500,piorillo9k,Healthy Pharmacy Inc,775-684-4297
447,301919,lrennolds9l,Healthy Pharmacy Inc,354-032-3321
448,807777,skindred9m,Chinatown Medical Physician PC / Manhattan,279-188-4127
449,895841,ihernik9n,Walgreens Co. #10135,450-851-4533
450,893795,bflello9o,Elton pharmacy #MS1005407,639-301-3639
451,248675,sbolens9p,JHA PHARMA LLC   D/B/A  MELLOR'S DRUG STORE,619-714-3626
452,828260,bmatokhnin9q,MELLORS DRUG STORE #582818,687-517-1016
453,969574,ggummery9r,BMS@ St. Paul COVID-19 Vaccination,514-085-3616
454,379751,ncowderay9s,Kruticks Pharmacy #3302661,869-574-5237
455,455521,dvanarsdale9t,ModernMD Urgent Care - 1169 Liberty Avenue,302-524-4709
456,785258,cwickstead9u,AL-HAQQ PHARMACY INC. #MS1001699,677-762-9906
457,461674,amarshallsay9v,NYC Health + Hospitals / East New York,682-565-7713
458,592748,amarian9w,CVS Pharmacy,669-165-0496
459,322416,dkew9x,Walgreens Co. #14271,921-649-9437
460,492401,dummfrey9y,Walgreens Co. #17979,145-770-1290
461,893810,kalecock9z,ABBYDEK FAMILY MEDICAL PRACTICE P.C - BK,505-367-1419
462,625522,brajcherta0,woodhaven chemist corp,972-479-7084
463,473977,bmcairta1,woodhaven chemist corp,938-183-9460
464,154492,nlauxmanna2,CVS Pharmacy,223-139-5406
465,623485,dfuncheona3,Rossi Pharmacy #3311355,753-027-3247
466,177023,rpiattia4,Rossi Pharmacy,691-814-4673
467,181119,ewornhama5,Doral Medical and Multispecialty Facility LLC,841-095-5521
468,736129,lallansona6,Milos Medical,207-539-7350
469,912258,djeynesa7,Preferred Pharmacy,577-169-2129
470,215939,lmarriagea8,Rite Aid #RA104610,671-610-7362
471,506757,ppenkea9,ModernMD Urgent Care - 8922 Jamaica Avenue,906-640-2082
472,312198,belsyaa,Trinity rx corp pharmacy,951-791-4996
473,983941,hscrubyab,Myrtle Meds INC,978-460-2145
474,736140,zburtwellac,Stop & Shop #2589,801-841-0674
475,979854,ddomelowad,Walgreens Co. #17876,616-886-8724
476,435088,swraighteae,Queens Public Library - Union Square Physician Services POD,695-777-0996
477,166801,jbuxseyaf,Walgreens Co. #18228,758-253-4587
478,115602,fgoffordag,LEGACY SPECIALTY PHARMACY CORP,737-279-0717
479,715667,kforreah,LEGACY SPECIALTY PHARMACY,983-257-7797
480,646036,apirozziai,Rite Aid #RA104738,611-417-6271
481,553879,drowberryaj,Sorin Medical PC,592-023-5800
482,261017,crogansak,Starrett City Pharmacy LLC #MS1003354,276-441-7283
483,269211,ksplavenal,Medex Pharmacy #3328778,638-179-8874
484,129947,haskeram,Rite Aid #RA101947,824-693-0637
485,678812,tbigadikean,Phils Pill Pharmacy #MS1005583,210-570-9384
486,269214,fpettetao,Phils Pill Pharmacy inc.,353-016-8580
487,871326,rigounetap,RALPH PRESCRIPTIONS,850-078-2379
488,170910,clenhamaq,CVS Pharmacy,591-239-4050
489,347044,hmattimoear,Rite Aid #RA104873,341-777-2693
490,385956,jbachas,Walgreens Co. #18412,287-197-1236
491,510886,fsnoxellat,Myrtle Drugs inc #MS1005707,777-488-9555
492,738214,crosenblattau,CVS Pharmacy,742-796-4962
493,730023,rbigglestoneav,Doc Care - Queens 1,930-840-0767
494,191401,swhicheraw,Walgreens Co. #14314,982-728-6224
495,660395,glambertax,Rite Aid #RA110607,737-275-3884
496,304043,jhineray,CVS Pharmacy,601-204-2064
497,762797,hstreatleyaz,Rite Aid #RA104893,773-252-7062
498,441262,rhailesb0,Oluwatoyin Ajayi Medical Practice PC,825-784-0758
499,754604,jkorpalb1,SURE DRUGS,748-476-1528
500,990128,bmalenfantb2,CVS Pharmacy,241-219-6034
501,420785,hvarvarab3,Medpack LLC.,779-882-9292
502,783276,ktoupeb4,Walgreens Co. #2650,242-456-6441
503,267187,pneilandb5,Walgreens Co. #13752,113-631-9804
504,469939,mblanningb6,Rite Aid #RA110585,817-086-5002
505,414639,bliversleyb7,Mill Basin Medical,978-158-8046
506,207805,ksentanceb8,CVS Pharmacy,301-699-0437
507,232384,tcristobalb9,Walgreens Co. #14444,401-592-9714
508,648129,bmelsomeba,Walgreens Co. #10064,437-007-7506
509,302018,mmiddlerbb,Walgreens Co. #11808,196-665-0451
510,768960,mvoletbc,Rite Aid #RA103869,383-092-3466
511,785349,kchiommientibd,CVS Pharmacy,456-812-6517
512,555973,wstanbrobe,Rite Aid #RA110575,826-170-6566
513,517063,smarshbf,Rite Aid #RA104876,167-830-4770
514,299976,flabrenzbg,Rite Aid #RA104954,352-296-8638
515,734153,hskelingtonbh,Prime Medical Services PC,942-346-4885
516,779207,aflaunierbi,CVS Pharmacy,475-286-1451
517,549835,kdingsdalebj,Rite Aid #RA103958,484-435-3103
518,582603,gabramovitzbk,Citywide Urgent Care/Nostrand,655-358-0462
519,113613,bmcquarriebl,Rx Choice Pharmacy #MS1005081,110-777-6975
520,519115,sfurmagierbm,CVS Pharmacy,991-811-9713
521,574415,scotterrillbn,GRAMERCY DRUGS INC.,823-149-3426
522,865224,jcorterbo,Walgreens Co. #18219,216-383-3207
523,445393,casberybp,CVS Pharmacy,458-574-7915
524,250829,jbenchbq,RISSON NP COMMUNITY HEALTH,744-340-5910
525,267219,fyukhninibr,CVS Pharmacy,707-371-5076
526,652240,wwestripbs,JanLian Medical Group / Ave U,468-130-6910
527,156629,hdraysaybt,Medicine Plaza Inc,246-234-1518
528,938966,rdawidowitzbu,GOOD NEIGHBOR PHARMACY #MS1005886,646-522-0433
529,795609,ajaraybv,Walgreens Co. #17670,637-422-9627
530,168923,tmcgrillbw,Rite Aid #RA110586,953-599-7956
531,566236,fsnazelbx,Stop & Shop #505,867-748-8198
532,234460,apawlaczykby,Walgreens Co. #6982,621-226-9577
533,310238,mgasgarthbz,LYUDMILACAVALIER MD,561-109-6977
534,881628,mwinshipc0,Daystar Medical Services,738-857-1076
535,728030,jkupkerc1,Rambam Family Health Center,727-773-3586
536,142307,cblemenc2,Rite Aid #RA103888,753-472-3784
537,674795,asetterthwaitc3,Walgreens Co. #12541,106-193-8374
538,324588,efliegc4,Walgreens Co. #18961,336-049-7628
539,418796,mcusiterc5,CVS Pharmacy,136-144-0429
540,474097,gpickburnc6,Walgreens Co. #11427,354-095-9449
541,730099,spinnc7,Walgreens Co. #10441,612-357-0527
542,181237,dbrodiec8,Brighton Medical Practice PC,267-856-3368
543,566261,mbacupc9,Eve Pharmacy 2836 coney island ave. BrooklynNY 11235,726-582-3289
544,990203,astlegerca,Link Pharmacy LLC,467-546-4401
545,779261,kgourlaycb,CVS Pharmacy,564-606-0539
546,121856,gpoutoncc,Pharmacy At The WaveInc #MS1005646,869-583-1623
547,394241,gglitherowcd,Kings Court Drugs Inc #3338678,907-674-6061
548,795652,ehannence,Brighton Pediatrics/ Banner,873-101-0016
549,629764,vbaitsoncf,Ave X Primary Medical Care PC,769-335-3519
550,672774,jdarkecg,CVS Pharmacy,576-513-7812
551,386055,dwetherbych,Walgreens Co. #10069,873-721-3719
552,193544,emeriguetci,CVS Pharmacy,558-839-0544
553,433161,pleamingcj,INGLEWOOD FAMILY MEDICAL CLINIC,426-454-1025
554,697356,egarnsonck,Costco Wholesale Corporation #769,213-208-8454
555,846862,arenshawcl,CVS Pharmacy,693-700-1917
556,240656,sclothiercm,Rite Aid #RA105486,696-733-3864
557,902160,acullincn,CVS Pharmacy,804-777-4740
558,494610,kmelroseco,Walgreens Co. #6974,213-520-5103
559,361489,klansberrycp,CVS Pharmacy,863-502-9558
560,898069,cneweycq,BHS Family Health Center,489-120-0770
561,539670,ttwinbournecr,Walgreens Co. #9137,719-788-6073
562,670743,hdurbyncs,CVS Pharmacy,997-536-1415
563,115735,bpinksct,CVS Pharmacy,194-189-8523
564,515094,mrittmeyercu,CVS Pharmacy,962-328-8838
565,504857,edallaghancv,VONS PHARMACY #2502,377-270-7976
566,979998,jchadbournecw,Walmart Inc #10-5604,309-239-7571
567,168991,jadraincx,CVS Pharmacy,450-505-6139
568,758818,iheerscy,CVS Pharmacy,579-223-5102
569,306211,hchadbandcz,Costco Wholesale Corporation #671,957-029-6712
570,537636,kopferd0,Walgreens Co. #6413,972-108-2539
571,711717,swessingd1,St. John's Well Child and Family Center - Washington,540-217-7858
572,576554,qeastd2,VONS PHARMACY #1623,788-813-5871
573,175148,aclipstond3,Ralphs Pharmacy #70300645,921-476-9075
574,306221,bbaulcombed4,Walgreens Co. #9882,791-740-9418
575,945200,ssimakd5,CVS Pharmacy,460-683-4549
576,279601,aduffetd6,CVS Pharmacy,526-809-5455
577,644148,pzoppied7,CVS Pharmacy,180-254-1579
578,193589,hfairpoold8,CVS Pharmacy,869-472-0298
579,148535,bpilsworthd9,CVS Pharmacy,673-470-8747
580,576573,lhillinda,CVS Pharmacy,337-311-1189
581,633921,bwaddamsdb,Ralphs Pharmacy #70300111,107-661-3363
582,771139,qibbesondc,Econo Pharmacy #MS1001430,482-118-3417
583,136260,zwoodwingdd,CVS Pharmacy,232-153-2059
584,420933,sbedbroughde,CVS Pharmacy,177-060-0363
585,947271,efeakedf,Walgreens Co. #9685,112-400-4064
586,271432,vmanderdg,Rite Aid #RA105470,157-880-2583
587,898125,efairningtondh,CVS Pharmacy,696-878-0503
588,789588,idunnicodi,CVS Pharmacy,226-007-2574
589,406616,zaleksicdj,CVS Pharmacy,681-348-5458
590,941144,aayliffdk,Walgreens Co. #6496,621-684-2581
591,445529,bdosdaledl,Walgreens Co. #7175,383-752-7063
592,926810,bwyantdm,KovacsFrey Pharmacy #0512310,400-300-1134
593,552025,cmatyatindn,VONS PHARMACY #1625,960-609-8050
594,910429,tthrelkelddo,Rite Aid #RA105471,623-561-4913
595,408671,abirrelldp,Memorial Hospital of Gardena,216-402-0735
596,937057,pleberdq,CVS Pharmacy,817-497-1521
597,480354,cfleaydr,CVS Pharmacy,377-748-3717
598,167523,syepiskopovds,Rite Aid #RA105451,326-164-9921
599,406629,nmccaydt,CVS Pharmacy,744-181-3487
600,439400,sdalydu,Care First Drugs LLC/ 8330 Broadway Elmhurst NY 11373,192-191-1759
601,337001,tcayettedv,Care First Pharmacy #MS1005340,769-289-1774
602,261226,dotridgedw,Walgreens Co. #4319,504-403-4872
603,361577,mkivlehandx,Walgreens Co. #1616,138-723-3371
604,418926,nwillsheardy,Elmway Pharmacy Inc,986-148-8718
605,396401,sdionsettodz,QIKAI YAO PHYSICIAN P.C.,321-229-4443
606,705649,macorse0,HORIZON PHARMACY III,155-537-9629
607,621685,lhuckstere1,Horizon Pharmacy III #5805594,793-050-0382
608,224373,edesouzae2,Skycare Pharmacy Inc,628-637-3798
609,607356,cpicknette3,Broadway Pharmacy #MS1005097,583-052-6372
610,296061,pristee4,CVS Pharmacy,613-340-4781
611,302206,dbraziere5,Elmside Medical PLLC,202-105-7899
612,605316,bhartleburye6,queens medical services P.C,242-407-2029
613,615556,ljerkee7,Western Drugs #3398965,653-033-9741
614,879750,ccapaldie8,Walgreens Co. #14431,271-607-7467
615,812165,npanyere9,ModernMD Urgent Care - 37-33 82nd Street,120-813-8127
616,822408,kkastelea,Walgreens Co. #19923,446-880-5348
617,851081,ljacsoneb,Vida Sana Pharmacy #MS1005662,988-784-0269
618,593029,ofanteec,Vitalscript Pharmacy #MS1005175,442-507-5842
619,195716,rstented,Rite Aid #RA103984,665-288-5276
620,711820,npailee,Stop & Shop #509,477-410-1959
621,408717,mbasilioef,BandB Pharmacy inc #MS1005059,405-487-3749
622,216202,vmackinnoneg,99 Pharmacy Inc.,180-395-7276
623,490632,mcribbinseh,21st Century Pharmacy Inc. #MS1005399,336-584-1632
624,912528,casaafei,Harold Weissman MD PC,921-252-1263
625,265360,jkuhnkeej,Walgreens Co. #14449,110-883-0238
626,482450,fbestek,Rite Aid #RA103870,209-388-7686
627,160923,tmeggisonel,Costco Wholesale Corporation #1070,743-392-3507
628,423068,jbrinkmanem,Walgreens Co. #9869,655-823-8176
629,302238,bmcfeaten,Queens Express Pharmacy Corp.,881-757-1718
630,330915,bcervanteseo,East Point Medical PC,354-395-9495
631,455844,wgowdridgeep,AJO Group Inc (dba AJ Woodhaven Pharmacy),841-338-9077
632,435366,gdawtryeq,AJ Woodhaven Pharmacy,764-693-2310
633,339111,kdayerer,Walgreens Co. #17143,276-391-9366
634,251057,adonaties,Rite Aid #RA103581,655-093-6058
635,412852,bsparyet,Viva Pharmacy & Wellness,401-431-9208
636,842932,esykeseu,CVS Pharmacy,878-002-0823
637,130233,pnawtonev,Walgreens Co. #7294,338-520-9131
638,883898,bgoldupew,Hopkins Drugs LLC,778-201-7575
639,650429,esadlerex,Walgreens Co. #14477,257-431-9601
640,380093,rstepheney,CVS Pharmacy,643-881-5219
641,789695,acardenasez,Rite Aid #RA104866,445-476-7120
642,105665,mrousbyf0,HAR HAR PHARMACY CORP DBA- BIG APPLE PHARMACY,505-464-6364
643,756931,mhingeleyf1,Health Guard Pharmacy #MS1005328,521-756-7486
644,150723,mcrutchf2,CVS Pharmacy,656-540-4664
645,136390,kstittlef3,CVS Pharmacy,415-334-0137
646,369868,rbalentynef4,Rite Aid #RA110601,767-325-9280
647,648396,ddowthwaitef5,Walgreens Co. #14187,394-752-3824
648,605390,csandifordf6,Walgreens Co. #19959,345-470-6680
649,177364,emervynf7,Walgreens Co. #17517,796-653-3430
650,806101,ggaspardf8,Rite Aid #RA105552,522-264-3024
651,199894,cdesremediosf9,CVS Pharmacy,266-235-6061
652,818389,tbeddiefa,Walgreens Co. #15930,724-024-1559
653,902359,efronsekfb,CVS Pharmacy,614-224-8860
654,990425,mgoriolifc,Rite Aid #RA105551,226-573-3819
655,367833,sbesnardfd,Costco Wholesale Corporation #1071,772-006-9760
656,292054,rlimonfe,CVS Pharmacy,708-288-0699
657,214236,ccrowneff,Rite Aid #RA105549,608-879-6248
658,373974,jmeighfg,CVS Pharmacy,133-297-0615
659,429280,bmarzellanofh,Rite Aid #RA105554,840-214-9972
660,146656,hduganfi,Walgreens Co. #6124,961-333-2415
661,885986,bgruczkafj,VONS PHARMACY #2250,556-178-0951
662,736484,wconechiefk,CVS Pharmacy,554-154-5010
663,873701,ebaudfl,CVS Pharmacy,976-142-4836
664,697574,dcissonfm,CVS Pharmacy,553-295-4321
665,507113,druncimanfn,Walgreens Co. #5566,181-590-6273
666,439530,jcasolfo,Ralphs Pharmacy #70300704,231-497-2256
667,242929,tnaismithfp,CVS Pharmacy,777-290-9758
668,820466,ecolbrunfq,CVS Pharmacy,904-025-5243
669,978163,kstarkingsfr,Walmart Inc #10-5605,557-698-7244
670,578805,dpetrishchevfs,Walgreens Co. #7950,860-659-3861
671,253174,tclanceyft,Rite Aid #RA105553,857-478-6846
672,789754,okneaphseyfu,CVS Pharmacy,416-840-7316
673,769275,gamisfv,Rite Aid #RA105563,160-881-0023
674,171263,rbaglanfw,CVS Pharmacy,701-006-6798
675,806144,hwhistlecraftfx,Walmart Inc #10-2568,335-085-5617
676,466178,hwalbrookfy,Kaiser SC - Panorama City Medical Center,140-207-6356
677,670979,arubicafz,CVS Pharmacy,370-186-0394
678,857347,bosmentg0,CVS Pharmacy,217-632-7351
679,341253,prigmondg1,Walgreens Co. #6347,630-405-1795
680,679183,bfairlamg2,Costco Wholesale Corporation #447,419-369-2720
681,873743,bmorrowg3,CVS Pharmacy,772-545-8480
682,650513,cfranzkeg4,CVS Pharmacy,735-564-4290
683,769297,cgietzg5,CVS Pharmacy,197-105-8955
684,974096,molanderg6,Rite Aid #RA105548,265-285-4400
685,861459,cphlippig7,POLY-MED PHARMACY #MS1001048,254-548-8809
686,591125,lcrankeg8,Rite Aid #RA105532,410-881-0825
687,316694,izorzig9,Santa Clarita Pharmacy,861-734-7907
688,845071,gcrewsga,Ralphs Pharmacy #70300127,235-201-4420
689,613656,dkebellgb,Rite Aid #RA105567,630-324-0728
690,578841,kbateripgc,Walgreens Co. #12023,745-129-1196
691,484634,lmckillopgd,CVS Pharmacy,602-747-0947
692,646427,ctilfordge,Walgreens Co. #6930,194-693-1264
693,537883,tthurnergf,CVS Pharmacy,359-018-1943
694,998684,scorroyergg,Walgreens Co. #5525,435-423-1781
695,247065,mwattsgh,Walmart Inc #10-2526,842-237-2038
696,884000,raleswellgi,St. Mary Pharmacy,310-031-4222
697,109857,froggerogj,CVS Pharmacy,379-301-9998
698,185636,wkornelukgk,Kids and Teens Medical Group - Northridge,668-630-6215
699,863524,sacarsongl,CVS Pharmacy,885-879-5195
700,113958,lbreinlgm,St. John's Well Child and Family Center - Compton College,582-415-2598
701,785702,nbrinsfordgn,CVS Pharmacy,165-838-3168
702,394536,gtwiddellgo,CVS Pharmacy,381-775-4990
703,759081,tcattelgp,St. John's Well Child and Family Center - E. Compton,256-249-4877
704,736554,ebeavongq,CVS Pharmacy,299-465-8565
705,298284,zbulloughgr,Rite Aid #RA106313,632-308-7286
706,992556,wmckennangs,St. John's Well Child and Family Center - Dominguez,524-430-0314
707,980272,mubsdallgt,CVS Pharmacy,110-613-0199
708,795955,ebalshawgu,St. John's Well Child and Family Center-Clinton,723-651-5037
709,343348,ltaylotgv,CVS Pharmacy,466-460-1735
710,197940,rbellhangergw,CVS Pharmacy,189-385-3000
711,970041,gmownegx,VONS PHARMACY #3519,408-130-4668
712,478522,cgradygy,Rite Aid #RA105521,138-727-2817
713,195899,ddurangz,Camilo S. Jorge,932-750-1072
714,388410,floveitth0,CVS Pharmacy,537-030-0764
715,757053,slambeh1,Walmart Inc #10-5807,613-790-3349
716,959806,shaskellh2,Paramount Family Pharmacy,197-360-2533
717,118078,naucotth3,Walmart Inc #10-4101,453-211-7847
718,478528,melvinh4,Rite Aid #RA105512,571-005-2642
719,535873,iborkinh5,CVS Pharmacy,263-225-0659
720,288067,rgonthardh6,Ralphs Pharmacy #70300196,162-301-5187
721,949572,wduckersh7,CVS Pharmacy,207-601-6543
722,349509,cquartermanh8,Walgreens Co. #7244,243-145-6663
723,818500,rwardingtonh9,CVS Pharmacy,432-861-0117
724,851267,apilmoreha,CVS Pharmacy,911-360-3633
725,283973,jmacgaugheyhb,Walmart Inc #10-2609,594-753-3924
726,171339,sborsihc,CVS Pharmacy,613-017-5709
727,312654,cwilcockhd,St. John's Well Child Center-Compton,353-762-5320
728,398671,jaershe,CVS Pharmacy,356-536-0202
729,767312,wmiguethf,Costco Wholesale Corporation #1050,970-733-1594
730,210258,adallossohg,Walmart Inc #10-2110,662-689-1897
731,376148,apiggremhh,Rite Aid #RA106214,418-755-4362
732,896343,amccriehi,CVS Pharmacy,649-201-7518
733,507227,jgreenwellhj,Walmart Inc #10-5602,712-238-4047
734,554331,awilleshk,CVS Pharmacy,219-695-2349
735,554335,jtighthl,Rite Aid #RA105476,656-081-1159
736,583013,alygohm,VICTORIA L SANCHEZ MD FAAP INC,438-573-2152
737,716133,pzienkiewiczhn,Walgreens Co. #6680,412-847-2446
738,374120,rmacho,St. John's Well Child and Family Center - Leavey,910-121-4898
739,728426,asunnerhp,Walgreens Co. #6249,177-220-4404
740,447851,rmuneelyhq,MEDIC PHARMACY #MS1002121,321-840-2734
741,806253,hduhamhr,Wilmington Clinic,541-727-8016
742,224623,gbjerkanhs,Rite Aid #RA105455,256-109-9786
743,886128,wolliffeht,Walgreens Co. #5650,903-680-0567
744,554353,rmartinethu,CVS Pharmacy,536-452-0517
745,234866,idodameadhv,Rite Aid #RA105508,348-877-1540
746,666991,ewinearhw,Aviva Pharmacy,511-738-6178
747,312694,rrecherthx,AVIVA PHARMACY #MS1002769,336-772-0300
748,718202,njaffrahy,Walgreens Co. #9842,653-870-2245
749,378237,rbrainhz,CVS Pharmacy,770-585-7887
750,195968,rscrammagei0,Bryan G Johnson Md,749-364-1786
751,226693,dwilkini1,Walmart Inc #10-5866,216-288-8508
752,187782,tkrolli2,Kroger Pharmacy #03500560,632-238-8003
753,744838,cwhetnalli3,CVS Pharmacy,281-267-5461
754,828806,elissimorei4,CVS Pharmacy,407-215-9732
755,351621,doraffertyi5,Costco Wholesale Corporation #1097,551-253-3005
756,710028,anashi6,Pediatric Pulmonary Associates of North Texas,807-681-4601
757,918925,fpatmorei7,CVS Pharmacy,339-777-0653
758,112014,bginnetyi8,MARKET STREET PHARMACY #2562,854-386-7906
759,253329,jevequei9,Kroger Pharmacy #03500547,526-750-5125
760,218516,hhingeia,Walgreens Co. #4786,254-586-4263
761,470434,ohunstonib,Walgreens Co. #7645,102-346-3788
762,122275,lparkinic,TOM THUMB PHARMACY #2581,269-156-3836
763,834979,vcrosbyid,Kroger Pharmacy #03500546,675-508-2025
764,992675,pdrainie,CVS Pharmacy,973-512-2139
765,585128,dtrevillionif,MARKET STREET PHARMACY #685,409-608-2029
766,535979,tgoulderig,STARWOOD PHARMACY,267-167-5075
767,486827,epackhamih,CVS Pharmacy,405-835-4676
768,308654,bcawteii,Stonebriar Pharmaceutical Services,583-801-2447
769,363952,esplevinij,Walgreens Co. #12292,433-189-5904
770,667057,dgiampietroik,ReNue Pharmacy,381-885-4514
771,568754,nsigartil,CVS Pharmacy,709-802-3124
772,947634,kmurrellsim,Walmart Inc #10-2463,283-393-0111
773,337331,lfreemanin,CVS Pharmacy,316-634-6663
774,103861,kmyallio,Walmart Inc #10-2883,208-813-8855
775,587188,mshevellip,Walmart Inc #10-3777,119-168-7632
776,228791,adamselliq,Sams Club #10-6255,854-175-7401
777,708019,bpreddyir,CVS Pharmacy,674-004-0204
778,896443,ykenderdineis,Kroger Pharmacy #03500580,430-524-2715
779,943552,cmcnevinit,TOM THUMB PHARMACY #2963,450-843-7413
780,118209,nglazebrookiu,Walgreens Co. #11320,561-229-7074
781,730561,mmuckersieiv,Walgreens Co. #10920,815-419-0147
782,366019,mbrolechaniw,Spring Creek Pharmacy #MS1000118,129-095-6352
783,878023,ngalierix,Omni Medical Center,786-681-4101
784,998856,gfroudeiy,Kroger Pharmacy #03500598,179-159-2548
785,859593,cjeannenetiz,LIFETIME PHARMACY,166-251-7248
786,202186,mmcorkilj0,CVS Pharmacy,696-608-4869
787,937419,wdillamorej1,FRISCO PHARMACY LLC,710-410-2800
788,671180,mkewj2,QUALITY FAMILY HEALTH CARE CLINIC PLLC,421-789-8596
789,619981,eworvellj3,CVS Pharmacy,405-134-4210
790,388556,ekirmondj4,Walmart Inc #10-6300,393-365-4918
791,116175,dgidleyj5,CVS Pharmacy,500-171-6885
792,730576,ppennettij6,Ken park MD PLLC,721-162-4230
793,187857,fshelfordj7,Walgreens Co. #11908,930-741-8834
794,454097,mkropachj8,Walmart Inc #10-0202,241-712-3465
795,525778,aocorriganej9,Kroger Pharmacy #03500561,775-175-6007
796,722386,tbrunningja,Walgreens Co. #5443,334-731-3368
797,493014,jedgecumbejb,Kroger Pharmacy #03500879,483-015-5342
798,546265,eeyerjc,CVS Pharmacy,169-684-4040
799,777696,tbergejd,CVS Pharmacy,180-714-4523
800,845281,mkynclje,Kroger Pharmacy #02600520,155-317-2441
801,974306,hguisotjf,Walgreens Co. #7076,439-746-1515
802,789992,ablancowejg,Walmart Inc #10-5058,700-033-6893
803,400873,mgarlettejh,Walgreens Co. #9762,271-607-8349
804,810475,pshortonji,Publix Super Markets Inc. #1235,480-719-2475
805,243181,jstanbrojj,CVS Pharmacy,813-739-9115
806,351726,msallajk,Walgreens Co. #6211,545-090-7353
807,964082,megaltonjl,Walmart Inc #10-0688,754-528-3242
808,445938,bdeamerjm,Walgreens Co. #4677,124-635-3757
809,394740,fhugonetjn,Kroger Pharmacy #02600574,163-608-6463
810,615925,ctrawinjo,Kroger Pharmacy #02600589,761-463-4665
811,914934,cpattleljp,Walgreens Co. #6039,233-178-1420
812,724468,ssmalesjq,Kroger Pharmacy #02600851,280-098-7237
813,450044,dsynejr,Walgreens Co. #3451,484-730-0354
814,159229,mondrusekjs,Walgreens Co. #9907,927-866-0836
815,253437,azisnerosjt,Publix Super Markets Inc. #1057,528-580-3771
816,261631,rblaschkeju,Sams Club #10-8294,176-831-0202
817,697859,slagojv,Kroger Pharmacy #02600566,515-323-9974
818,601607,phurndalljw,CVS Pharmacy,277-113-6329
819,925192,pmcdouglejx,CVS Pharmacy,379-689-1642
820,808458,mmapsonjy,Walgreens Co. #9546,434-237-7020
821,171530,hcaytonjz,HARDING PHARMACY,704-321-1760
822,421388,bnormansellk0,Publix Super Markets Inc. #1116,468-469-9138
823,706061,knevillk1,Walmart Inc #10-3717,835-424-2441
824,267793,fbownessk2,Walgreens Co. #4872,346-292-6839
825,437778,lwardlawk3,Kroger Pharmacy #02600537,361-823-8622
826,493073,fballink4,Walmart Inc #10-5119,335-885-9990
827,753171,nvonasekk5,CVS Pharmacy,482-421-7730
828,513555,wgodsalk6,Walmart Inc #10-7020,455-388-5965
829,241171,mrevillk7,Kroger Pharmacy #02600542,446-765-8142
830,658963,dcoatek8,Walgreens Co. #6676,754-742-0409
831,736788,dredmaink9,CVS Pharmacy,505-641-2965
832,228890,foxburyka,Publix Super Markets Inc. #1016,650-663-2179
833,597532,eferrariokb,The Little Clinic #43103,219-286-1697
834,771613,kpaintenkc,CVS Pharmacy,966-002-6621
835,749086,gcomollikd,Walgreens Co. #10657,800-280-7422
836,192028,hmatthewske,CVS Pharmacy,142-004-8287
837,845344,mrizzardokf,Walgreens Co. #13929,507-846-4761
838,300574,dromaineskg,Walgreens Co. #3401,445-578-5684
839,656930,chudspethkh,Walgreens Co. #6409,590-599-3970
840,232995,tmageeki,Kroger Pharmacy #02600596,943-141-8533
841,445989,mtebbetkj,CVS Pharmacy,163-528-6316
842,364070,efairestkk,Walmart Inc #10-5616,174-855-8325
843,685606,glowcockkl,Publix Super Markets Inc. #1021,561-608-7214
844,912937,lsanchezkm,BEVERLY ANDREWS FNP PLLC,386-613-3972
845,222762,ngingerkn,BRENTWOOD PEDIATRICS,927-402-9526
846,939563,dkeysko,Kroger Pharmacy #02600093,297-646-4435
847,284204,rfeldbrinkp,Walgreens Co. #4904,926-536-4856
848,572973,bfortounkq,Kroger Pharmacy #02600511,898-307-4677
849,489010,lteglerkr,Walgreens Co. #6853,247-443-6486
850,898613,slourensks,Walgreens Co. #10262,676-667-3564
851,970295,mrisebarerkt,CVS Pharmacy,827-483-1076
852,642616,hfredsonku,Rite Aid #RA105484,336-071-2372
853,245304,jprucekv,SOUTH GATE PHARMACY #5656648,122-425-8315
854,341561,ngotecliffekw,South Gate Pharmacy,959-520-5647
855,659004,pjeunekx,CVS Pharmacy,975-127-6744
856,400956,jcalbaitheky,Walmart Inc #10-3180,151-885-7720
857,542273,gbiasottikz,St. John's Well Child and Family Center - Leavey,844-604-5857
858,896578,abishoppl0,Rite Aid #RA105476,325-170-1972
859,198216,apickl1,CVS Pharmacy,901-794-5663
860,826953,bleilel2,Man VUONG-DAC MD Inc.,417-175-8763
861,654920,bprangleyl3,CVS Pharmacy,409-192-1630
862,489033,bbachelarl4,THE OASIS MEDICAL CLINIC INC,638-307-4450
863,267852,scrockerl5,CAMERON PHARMACY #MS1000967,193-475-1969
864,452173,dmuffettl6,CVS Pharmacy,576-509-3239
865,384592,pblackburnl7,Walgreens Co. #6249,943-760-7024
866,450130,bpinckneyl8,HP Family Health Center,187-402-6464
867,912979,lburkhilll9,CVS Pharmacy,606-108-9982
868,605779,cclaxsonla,CVS Pharmacy,936-034-2582
869,400978,asalandinolb,Watts Professional Pharmacy,929-473-2223
870,697945,elongworthylc,Watts Professional Pharmacy,443-847-4929
871,327261,jvidold,Rite Aid #RA105455,212-370-1415
872,284254,jdechellele,986 PHARMACY #8005 #MS1000416,984-179-9670
873,589411,alavignelf,THE MEDICINE CABINET #5 #MS1000248,785-313-8752
874,228964,tpondlg,CVS Pharmacy,391-490-8612
875,638563,cgirtonlh,Wilmington Clinic,752-134-0539
876,564838,pnewportli,Walgreens Co. #11785,556-723-7226
877,751206,cbartholinlj,Rite Aid #RA105423,640-376-3197
878,816744,tlakelandlk,Health Mart Bell Gardens,150-154-3721
879,552551,ldabsll,Tao Trung Nguyen MD Inc,494-246-9729
880,669290,fbeedhamlm,Sams Club #10-6626,511-131-7999
881,161386,qhellcatln,Walmart Inc #10-5807,374-342-2952
882,239212,bmccullaghlo,CVS Pharmacy,477-839-0662
883,474729,wbyerslp,Rite Aid #RA105479,743-424-0353
884,235118,gcarnalanlq,Rite Aid #RA105459,126-521-5858
885,403054,amcgraithlr,Walgreens Co. #12913,135-823-5381
886,906857,srosenscheinls,St. John's Well Child Center-Compton,517-179-9630
887,831089,hpundylt,Central City Community Health Center,525-154-3407
888,122487,bferrerilu,St. John's Well Child and Family Center - Avalon,345-286-1995
889,839288,fdenmanlv,SAV-ON PHARMACY #140,624-571-1983
890,771704,fwoakeslw,Rite Aid #RA106313,863-524-4519
891,255612,ablancelx,CVS Pharmacy,300-601-3149
892,198270,ahallickly,Walgreens Co. #9842,887-796-3618
893,571006,awheatcroftlz,Walmart Inc #10-5603,251-572-0233
894,437888,ekopmanm0,CVS Pharmacy,285-301-6397
895,566910,mmcgeeverm1,CVS Pharmacy,663-076-9808
896,949890,jdowrym2,AME Medical Group,635-689-5932
897,155267,bpickthallm3,Rite Aid #RA105466,788-034-6612
898,925315,bhaddym4,St. John's Well Child and Family Center-Clinton,886-794-0073
899,675462,kgingedalem5,Rite Aid #RA106214,738-775-8168
900,421518,rbrassm6,CVS Pharmacy,387-819-2062
901,247440,ahoylandm7,Walgreens Co. #2586,116-666-0590
902,835216,mdevenniem8,OSCO DRUG #901,755-882-8794
903,695952,cholwellm9,Walgreens Co. #259,612-761-7991
904,568979,tlehucquetma,CVS Pharmacy,213-078-2932
905,241303,sscadingmb,CVS Pharmacy,455-481-6814
906,403095,xbrabhammc,Walgreens Co. #5057,498-346-6790
907,761497,msignorimd,OSCO DRUG #3470,127-024-8718
908,650903,tscoggansme,AAYU CLINICS - LAKEVIEW,159-207-9303
909,112288,mtinermf,CVS Pharmacy,709-791-3730
910,622240,pnegalmg,CVS Pharmacy,480-328-1695
911,704164,jpellittmh,Walgreens Co. #4494,801-753-6350
912,591524,rdrainsmi,Local Health Pharmacy,276-037-3956
913,730791,mcampeymj,Walgreens Co. #194,792-727-8847
914,362154,ejenkinmk,OSCO DRUG #3632,225-132-7197
915,372397,sewartml,Walgreens Co. #12304,480-753-1387
916,876210,gevelynmm,CVS Pharmacy,226-578-0345
917,607923,osackeymn,CVS Pharmacy,603-417-2079
918,921269,lstokoemo,CVS Pharmacy,331-607-8207
919,378551,rpulfordmp,Walgreens Co. #10649,224-679-5820
920,356024,tmccreerymq,OSCO DRUG #3441,675-746-4993
921,292537,uschettinimr,CVS Pharmacy,620-370-4521
922,669371,nbrekonridgems,Mariano's Pharmacy #53100515,377-816-8038
923,483004,ghaugenmt,Costco Wholesale Corporation #380,747-653-0030
924,304827,rleftlymu,Walgreens Co. #2840,583-534-1880
925,843454,stouseymv,Walgreens Co. #15493,174-007-8589
926,786107,dcockermw,OSCO DRUG #202,192-620-5349
927,175806,mditchmx,Walgreens Co. #12150,830-813-5285
928,227010,jbroschmy,SWEDISH HOSPITAL,743-001-8643
929,624325,tioannoumz,CVS Pharmacy,426-246-8058
930,708294,rchesnayn0,ADVOCATE @ N.KEDZIE/LOGAN SQUARE,223-394-9193
931,310989,gportamn1,ERIE FOSTER AVENUE,313-017-1142
932,411348,talentyevn2,Walgreens Co. #15004,116-306-3192
933,296662,lmapesn3,CVS Pharmacy,541-525-3974
934,126681,bhaackn4,Walgreens Co. #7359,637-565-8588
935,872154,bjopsonn5,Walgreens Co. #9038,749-375-2177
936,632539,vgoodersonn6,CVS Pharmacy,561-034-2753
937,118492,mmarchantn7,OSCO DRUG #3455,668-034-8442
938,915165,adeeryn8,Walgreens Co. #7687,621-695-2575
939,515803,abattesonn9,Walgreens Co. #15305,957-048-9490
940,212702,scathraena,Walgreens Co. #1173,355-876-8020
941,876260,wpurkisnb,CVS Pharmacy,244-082-6339
942,464615,jrobartnc,Walgreens Co. #1096,750-679-9694
943,722664,nturmelnd,Walgreens Co. #9399,782-480-6286
944,399081,fcancellarione,Walgreens Co. #3949,545-354-7854
945,280298,mtorpienf,Walgreens Co. #9000,600-020-3578
946,472807,rspohrmannng,OSCO DRUG #3514,182-234-0746
947,820970,bfomichkinnh,Mariano's Pharmacy #53100516,630-031-9732
948,147178,utyasni,Walgreens Co. #9709,100-345-1787
949,446188,fagottnj,Walgreens Co. #1310,509-201-9123
950,503537,dtooheynk,CVS Pharmacy,215-821-1079
951,642802,ctruelocknl,Kaiser SC - Riverside Medical Center,985-617-0138
952,745203,ffleurynm,Ralphs Pharmacy #70300098,273-656-2751
953,128763,nhollingtonnn,Walgreens Co. #13833,701-234-2739
954,642814,bmockerno,CVS Pharmacy,805-637-9364
955,573183,dkolisnp,Rite Aid #RA105714,109-149-5927
956,499456,spalombinq,SAV-ON PHARMACY #2572,250-595-8157
957,382721,gcarlingnr,Riverside 2,940-293-4890
958,923396,gberwickns,ARLINGTON PRESCRIPTION PHARMACY,405-576-6055
959,532230,sjoiscent,Walmart Inc #10-2028,686-048-6545
960,706315,ssandalnu,Walmart Inc #10-1912,184-149-9215
961,337682,bhasseynv,VONS PHARMACY #2381,123-201-6265
962,577301,sjentgesnw,Rite Aid #RA105712,722-332-5001
963,825111,mloxdalenx,Costco Wholesale Corporation #432,686-763-2684
964,947992,bowerny,CVS Pharmacy,511-007-7550
965,941850,cfergusonnz,CVS Pharmacy,726-041-2605
966,888605,amalhamo0,CVS Pharmacy,647-357-4943
967,352030,ttowso1,Walgreens Co. #16554,836-355-1622
968,796448,bnicholsono2,Walmart Inc #10-5663,764-313-3022
969,761632,kbirwhistleo3,Central City Community Health Center,678-819-8078
970,962338,amerryweathero4,Sams Club #10-4709,513-236-2963
971,648995,szollnero5,Rite Aid #RA106469,737-545-2415
972,966434,ssandbacho6,CVS Pharmacy,982-390-5475
973,737058,edykaso7,Walgreens Co. #2712,654-426-7079
974,206630,rdunneto8,CVS Pharmacy,885-027-3427
975,384809,mbartomeuo9,Walgreens Co. #7591,703-073-4489
976,608043,vbercheroa,CVS Pharmacy,176-253-7987
977,870188,cdachsob,Baldy View Healthcare,595-256-0445
978,354095,gfullomoc,Rite Aid #RA105718,337-032-2064
979,599856,dmakinod,Walmart Inc #10-2842,633-471-0268
980,958258,tyarringtonoe,SAV-ON PHARMACY #2796,808-015-5134
981,982835,fmccaskillof,Walgreens Co. #7262,485-721-3469
982,100148,acostleyog,Zen Apothecary #5667970,428-760-2254
983,182067,blissimoreoh,CVS Pharmacy,719-792-6182
984,788279,cparrenoi,MAIN STREET PHARMACY,421-310-0464
985,462647,rshortcliffeoj,VONS PHARMACY #2659,272-757-1689
986,141114,lmacarthurok,Rite Aid #RA105715,664-166-6328
987,915265,msnasdellol,CVS Pharmacy,769-288-4222
988,352066,rluptonom,CVS Pharmacy,794-068-7799
989,980801,bteaseon,Tap Pharmacy,193-009-9180
990,712516,jhatonoo,Rite Aid #RA105713,781-581-0260
991,184133,dmaccaffreyop,VONS PHARMACY #2596,675-330-8440
992,237380,fgoodaleoq,Walgreens Co. #7303,152-865-2859
993,278340,chugettor,CVS Pharmacy,178-502-2961
994,274248,mtrippackos,CVS Pharmacy,153-692-9601
995,507716,jbinyonot,Rite Aid #RA105583,214-206-1571
996,235339,ktosdevinou,Raincross Pharmacy #0567783,661-357-6718
997,665423,asoroov,SAV-ON PHARMACY #728,259-031-1238
998,939856,gkiosselow,Walgreens Co. #13657,943-734-4594
999,575314,woehmox,CVS Pharmacy,952-022-0809
1000,184146,awhitnalloy,CVS Pharmacy,929-551-1749
1001,855894,bskeechoz,CVS Pharmacy,183-100-6175
1002,218966,sderlep0,Walgreens Co. #9588,787-546-9252
1003,180058,wkiffep1,Ralphs Pharmacy #70300113,791-030-8518
1004,603995,fsolap2,Costco Wholesale Corporation #627,820-061-0784
1005,128861,gfarryanp3,Rite Aid #RA106482,556-111-4380
1006,780129,bgrasp4,CVS Pharmacy,291-036-2296
1007,403298,gpolackp5,VONS PHARMACY #1742,956-707-0301
1008,597860,omintonp6,Walgreens Co. #5372,967-041-4708
1009,395109,scocklep7,Rite Aid #RA105695,806-303-2022
1010,436071,yhingep8,Walmart Inc #10-1756,411-237-8979
1011,245614,kparmeterp9,Ralphs Pharmacy #70300700,450-556-2724
1012,864111,mpraterpa,CVS Pharmacy,570-763-8996
1013,401263,scasollapb,Walmart Inc #10-1922,856-095-1115
1014,157553,dbriskerpc,Walgreens Co. #9105,389-275-9849
1015,956274,gkyngdonpd,Pharmacy at The Courts,197-670-8158
1016,608114,pwhitlockpe,Rite Aid #RA106468,128-605-0914
1017,642931,abradlypf,Ralphs Pharmacy #70300013,268-571-5287
1018,782334,wmarianpg,CVS Pharmacy,697-236-4601
1019,268155,cgianoliniph,Rite Aid #RA105708,400-542-7611
1020,767869,thagguspi,Rite Aid #RA105703,847-385-6075
1021,200573,tgheorghiepj,Walmart Inc #10-3131,328-609-9431
1022,354175,hatrillpk,CVS Pharmacy,346-615-8256
1023,421760,sfitzsimonspl,Walgreens Co. #5506,648-086-3249
1024,638849,sloughmanpm,Walgreens Co. #5652,527-418-6083
1025,610177,djeroschpn,CVS Pharmacy,599-630-9206
1026,771968,fruddochpo,HAVEN PEDIATRICS,265-446-8972
1027,741252,whennerpp,CVS Pharmacy,601-675-4799
1028,630660,aclingoepq,CVS Pharmacy,993-060-2791
1029,987017,rgregolinpr,Costco Wholesale Corporation #678,208-107-1114
1030,565130,vtickleps,Walgreens Co. #5555,541-795-5990
1031,214923,pdurringtonpt,Walgreens Co. #10768,369-014-6733
1032,343947,kcornelissepu,Walgreens Co. #11989,457-543-5026
1033,759693,hdehnpv,CVS Pharmacy,874-500-2752
1034,554893,xerswellpw,Rite Aid #RA105586,254-298-1349
1035,814992,pheseypx,Sams Club #10-6619,744-376-6017
1036,561041,lcradeypy,Walmart Inc #10-1862,508-342-9602
1037,915346,eaventpz,Rite Aid #RA105696,948-665-5002
1038,669587,mwoodhallq0,Walmart Inc #10-3276,927-726-7385
1039,354196,voverpoolq1,CVS Pharmacy,265-225-6283
1040,536468,abuckieq2,Rite Aid #RA105587,578-401-1066
1041,432018,dklulicekq3,CVS Pharmacy,230-732-4886
1042,446362,wdelaciq4,Walgreens Co. #5478,917-884-6133
1043,180123,ebowskillq5,CVS Pharmacy,987-045-7568
1044,960412,aolenichevq6,DELTA DRUGS #MS1001019,514-148-3675
1045,763803,skubiakq7,Chaparral Medical Group,824-864-0816
1046,608158,pmancerq8,SAV-ON PHARMACY #3177,123-206-1604
1047,317343,rgergusq9,CVS Pharmacy,697-561-7738
1048,173985,hshufflebothamqa,Walgreens Co. #9183,374-796-4714
1049,143266,jbyerqb,Rite Aid #RA105711,201-023-2888
1050,237475,jgutcherqc,Walmart Inc #10-1615,983-124-2533
1051,350117,akeseyqd,CVS Pharmacy,172-720-2894
1052,745382,kdasparqe,Costco Wholesale Corporation #1002,402-626-5820
1053,710567,lvendittiqf,CVS Pharmacy,482-098-3613
1054,542633,gcavyqg,Walgreens Co. #7376,126-516-4448
1055,489389,ckneaphseyqh,LUCKY PHARMACY #212  RX #121063,627-138-7657
1056,800687,raldersqi,Rite Aid #RA105908,451-416-0376
1057,933814,mbarlesqj,CVS Pharmacy,694-450-3331
1058,503736,otrengroveqk,Walgreens Co. #4724,539-132-0459
1059,245690,azmitrichenkoql,SAFEWAY PHARMACY #1259,478-044-7909
1060,395196,obusenqm,Rite Aid #RA106356,847-527-2804
1061,133054,ncharopenqn,SAFEWAY PHARMACY #1215,768-750-7877
1062,217029,blambkinqo,Rite Aid #RA105935,281-671-4256
1063,313287,cmelsomqp,Walgreens Co. #13026,473-344-1999
1064,784330,cphilippardqq,CVS Pharmacy,464-762-0220
1065,370637,bmerriottqr,Kaiser NC - Deer Valley OP Pharmacy,957-141-9710
1066,620493,wmelatoqs,Walmart Inc #10-2697,880-193-6314
1067,622544,nkitleyqt,SAFEWAY PHARMACY #1195,686-232-4931
1068,903120,lrochewellqu,Walgreens Co. #2112,940-007-2343
1069,911312,ktrevesqv,CVS Pharmacy,752-278-6383
1070,583636,schallenerqw,LUCKY PHCY #705  RX #113925,899-038-1814
1071,473044,mricsonqx,LUCKY  PHCY #737 RX #116501,645-562-2065
1072,442327,afirsbyqy,Rite Aid #RA105931,829-432-5480
1073,544727,cwoodusqz,CVS Pharmacy,897-484-9257
1074,696281,mdommerquer0,Walgreens Co. #9978,255-881-1026
1075,233434,kbacherr1,SAFEWAY PHARMACY #1192,938-763-3133
1076,466906,agranger2,CVS Pharmacy,396-137-1483
1077,876507,rmacdermandr3,Walgreens Co. #9102,161-607-3689
1078,958428,nsentenr4,SAFEWAY PHARMACY #955,170-820-5614
1079,323550,wshoner5,CVS Pharmacy,805-064-1574
1080,821217,mstrondr6,CVS Pharmacy,325-619-3017
1081,983010,cdrewellr7,SAFEWAY PHARMACY #2621,939-364-3995
1082,139233,adilstonr8,Walgreens Co. #3164,524-575-0089
1083,430052,plundr9,Solano Pharmacy #MS1001236,839-314-1846
1084,313318,gdugallra,CVS Pharmacy,380-262-8149
1085,516071,acandelinrb,Costco Wholesale Corporation #663,864-685-7921
1086,745448,fmcnaughtonrc,SAFEWAY PHARMACY #1234,941-780-5368
1087,913385,bscrivinrd,Walgreens Co. #15078,349-438-3543
1088,321511,bmaystonere,SAFEWAY PHARMACY #3026,415-734-0412
1089,462828,yselfrf,Walgreens Co. #15003,536-743-4874
1090,550892,aknathrg,Rite Aid #RA105913,227-499-7614
1091,600046,bogusrh,Walgreens Co. #6871,512-638-0791
1092,112623,ciddyri,Sams Club #10-6612,946-800-9218
1093,944112,rcapperrj,CVS Pharmacy,752-334-2132
1094,450545,rbrunnrk,SAFEWAY PHARMACY #2941,355-404-3584
1095,729074,bmaudlenrl,CVS Pharmacy,844-615-9056
1096,798707,ckippinsrm,Royal Pharmacy,564-075-9831
1097,395249,jdraysayrn,SAFEWAY PHARMACY #1541,711-089-9665
1098,688121,gitzkowiczro,Rite Aid #RA105915,580-762-3190
1099,679930,cgarrattleyrp,Walgreens Co. #4026,527-189-5275
1100,569342,bjercherq,Kroger Pharmacy #03500567,542-883-6855
1101,610303,voteaguerr,Walgreens Co. #4663,261-738-3877
